,eval_step,eval/loss,eval/ppl,eval/seq_len
0,100,1.343169592320919,3.874311402440071,2048.0
1,200,1.2960611060261726,3.69726924598217,2048.0
2,300,1.2792257890105247,3.635466143488884,2048.0
3,400,1.2660626322031021,3.5879050195217133,2048.0
4,500,1.2574584111571312,3.5566401928663254,2048.0
5,600,1.2532655112445354,3.541664704680443,2048.0
6,700,1.248244371265173,3.5240203887224197,2048.0
7,800,1.2433161959052086,3.506899520754814,2048.0
8,900,1.2413360476493835,3.498927265405655,2048.0
9,1000,1.2372032180428505,3.4853178560733795,2048.0
10,1100,1.2352412939071655,3.477805495262146,2048.0
